length_string,numberSupper,numberKupper,numberYupper,numberSlower,numberKlower,numberYlower,number_spaces,number_special_chars,number_digits
1000,140,294,3,3,2,1,27,458,67
1000,72,76,29,8,4,4,74,656,77
1000,1,2,0,0,0,0,0,995,2
1000,165,118,18,2,2,4,50,588,53
1000,372,52,21,30,18,11,26,392,52
1000,619,112,37,18,1,2,55,75,80
1000,353,36,0,1,0,1,159,416,34
1000,325,92,3,0,0,5,90,461,16
1000,9,1,0,0,0,0,20,970,0
1000,7,39,42,1,1,0,14,884,9
1000,114,3,6,3,6,0,13,846,4
1000,84,82,5,0,0,0,72,756,1
1000,120,237,72,80,8,0,37,326,120
1000,85,85,258,42,36,129,233,3,90
1000,337,22,194,71,44,0,112,177,36
1000,8,245,13,4,1,0,48,670,11
1000,421,61,11,12,4,4,67,268,141
1000,31,39,26,17,5,1,2,861,17
1000,721,45,0,0,0,0,35,194,5
1000,137,593,66,26,19,36,27,33,20
1000,135,16,0,0,0,0,0,845,4
1000,393,245,11,1,1,0,130,208,11
1000,203,276,4,22,5,2,1,477,6
1000,102,19,6,0,0,2,39,812,19
1000,242,233,7,6,0,0,36,411,65
1000,497,17,3,0,0,0,6,477,0
1000,526,120,17,6,1,0,27,278,25
1000,122,49,45,2,0,0,186,595,0
1000,125,10,0,0,0,0,3,862,0
1000,480,148,1,0,0,0,44,326,1
1000,112,297,41,5,3,1,203,333,3
1000,45,29,0,0,0,0,1,925,0
1000,10,0,0,0,0,0,1,988,1
1000,245,115,9,16,1,1,16,384,211
1000,104,2,0,0,0,0,0,894,0
1000,159,481,0,1,0,0,11,344,4
1000,563,19,0,0,0,0,1,417,0
1000,57,9,145,10,0,1,58,662,53
1000,50,244,45,0,3,8,126,520,0
1000,36,49,45,2,3,5,129,700,30
1000,99,130,35,1,4,0,405,310,16
1000,341,142,19,6,2,0,15,411,51
1000,34,101,24,1,2,0,5,788,42
1000,18,1,0,0,0,0,0,981,0
1000,15,45,0,0,0,0,0,937,3
1000,33,312,113,233,110,30,19,85,62
1000,751,222,0,2,0,0,1,21,3
1000,343,20,203,9,28,7,197,63,127
1000,895,8,0,2,0,0,1,89,5
1000,211,28,1,7,0,9,46,642,41
1000,841,89,1,1,0,0,1,62,5
1000,660,91,3,4,0,0,1,241,0
1000,261,96,0,0,0,0,61,568,14
1000,336,236,4,0,1,1,8,393,20
1000,127,65,2,6,9,4,10,732,44
1000,349,22,11,8,4,0,192,303,95
1000,124,293,2,0,0,0,107,473,1
1000,212,150,118,18,14,5,346,38,98
1000,422,79,1,0,0,0,10,484,4
1000,543,5,12,1,1,0,20,415,1
1000,64,23,0,0,0,0,17,893,3
1000,97,55,33,6,18,2,39,717,27
1000,24,439,64,1,0,2,59,210,201
1000,65,47,4,0,13,3,119,706,43
1000,471,208,18,17,0,3,202,64,15
1000,245,228,4,18,1,3,11,469,16
1000,70,21,20,77,2,8,51,750,1
1000,16,399,3,1,0,0,0,563,18
1000,150,169,0,0,2,0,46,620,12
1000,336,54,1,0,0,2,91,508,8
1000,276,72,10,8,0,0,21,613,0
1000,25,357,0,1,0,0,60,548,9
1000,212,15,6,2,2,1,9,730,22
1000,66,65,8,2,3,2,237,418,198
1000,23,1,0,0,0,0,1,972,3
1000,71,103,6,3,2,0,116,667,28
1000,163,33,1,0,0,0,1,801,1
1000,682,8,36,61,21,24,98,39,8
1000,357,127,1,0,0,0,21,494,0
1000,136,86,75,5,76,46,122,389,39
1000,74,39,16,40,0,4,109,689,10
1000,638,22,4,3,2,1,3,321,6
1000,539,319,19,4,6,0,5,102,6
1000,436,263,46,6,4,4,43,190,3
1000,96,196,48,46,2,0,69,82,461
1000,375,66,1,0,0,0,8,520,30
1000,445,111,3,1,0,1,54,381,4
1000,391,274,0,0,0,0,0,254,81
1000,339,76,18,0,47,0,301,184,25
1000,55,289,10,8,2,0,43,536,57
1000,324,80,1,0,0,0,80,498,17
1000,472,95,29,170,4,2,45,160,19
1000,940,5,0,0,0,0,5,44,6
1000,56,67,28,3,18,1,3,767,57
1000,49,9,0,0,0,0,0,942,0
1000,309,279,8,0,0,0,54,343,7
1000,53,1,3,2,3,1,11,926,0
1000,584,75,1,28,28,1,120,162,0
1000,10,64,1,0,0,0,7,916,2
1000,333,26,45,14,0,0,18,425,139
1000,145,28,3,0,0,0,15,808,1
1000,85,101,1,0,0,0,10,803,0
1000,499,85,1,1,0,2,19,388,4
1000,721,34,4,1,0,0,13,217,10
1000,580,9,1,0,0,1,8,390,11
1000,245,393,62,43,4,0,51,71,131
1000,135,230,9,18,12,0,35,553,8
1000,60,6,2,8,1,1,0,920,2
1000,59,3,0,0,0,0,19,909,10
1000,89,52,1,0,0,0,15,826,17
1000,650,29,1,16,1,3,27,256,16
1000,103,95,3,0,0,0,60,732,7
1000,148,265,31,47,14,34,85,362,6
1000,494,276,2,0,0,0,21,204,3
1000,20,98,24,100,8,3,229,8,502
1000,616,117,57,8,1,0,0,199,2
1000,65,12,0,0,0,0,7,916,0
1000,57,287,1,0,0,0,21,625,9
1000,312,3,2,0,0,0,2,679,2
1000,148,215,1,0,0,0,43,586,7
1000,443,19,5,1,25,1,63,435,6
1000,329,46,93,16,18,0,160,141,186
1000,291,0,5,7,2,1,0,693,0
1000,24,65,0,0,0,0,13,897,1
1000,711,4,1,0,0,0,0,284,0
1000,308,50,1,0,0,0,32,609,0
1000,139,203,5,18,1,1,68,449,106
1000,0,8,0,0,0,0,5,968,19
1000,175,262,7,4,3,0,229,285,35
1000,50,29,5,2,0,0,21,876,17
1000,190,96,7,0,0,0,0,706,1
1000,161,42,6,23,5,1,66,693,0
1000,149,380,37,5,1,0,43,28,357
1000,557,12,27,16,2,7,13,350,13
1000,79,0,0,0,0,0,0,921,0
1000,193,196,0,0,0,0,2,609,0
1000,8,57,62,11,15,0,18,799,27
1000,278,196,8,9,3,29,109,362,4
1000,26,140,0,0,0,3,20,809,2
1000,183,70,1,2,0,2,2,736,2
1000,319,87,1,0,0,0,5,585,1
1000,387,294,45,8,9,20,118,104,10
1000,517,102,8,2,0,0,2,361,8
1000,94,170,56,23,27,18,297,281,18
1000,144,4,0,1,0,0,2,844,5
1000,61,281,100,145,4,21,81,124,160
1000,229,121,11,23,31,16,77,327,162
1000,340,30,0,0,0,0,3,627,0
1000,36,505,17,28,24,5,228,155,2
1000,147,203,2,2,0,0,51,590,5
1000,179,249,23,13,16,0,24,444,52
1000,207,102,9,16,22,3,46,550,33
1000,51,521,22,6,6,1,100,256,34
1000,409,251,76,13,8,0,72,87,81
1000,398,78,38,1,4,0,67,405,9
1000,592,282,1,1,1,0,4,107,12
1000,141,298,25,0,1,0,32,444,59
1000,394,59,2,0,0,0,53,461,31
1000,67,233,1,1,0,2,73,617,6
1000,320,135,123,2,0,0,16,400,4
1000,375,446,67,1,0,0,27,18,66
1000,559,128,1,0,0,0,70,238,4
1000,261,257,27,4,14,1,178,255,2
1000,28,284,25,0,2,7,37,601,11
1000,88,186,13,0,4,4,78,581,41
1000,281,9,3,0,0,0,4,693,10
1000,221,310,0,0,0,0,149,293,27
1000,882,72,4,1,2,0,2,34,3
1000,166,64,67,38,16,41,48,216,331
1000,35,99,21,2,1,3,74,757,6
1000,30,19,3,16,18,0,208,519,187
1000,256,0,0,0,0,0,0,744,0
1000,0,0,0,0,0,0,0,1000,0
1000,172,51,81,18,0,0,2,664,12
1000,488,42,10,7,0,0,19,412,22
1000,438,356,1,2,1,0,16,160,26
1000,214,148,10,1,0,0,147,478,2
1000,85,117,348,24,4,21,235,161,5
1000,21,209,1,9,1,0,65,631,63
1000,373,44,6,13,7,1,179,347,30
1000,247,37,9,0,0,0,32,624,51
1000,98,7,1,0,0,0,1,892,1
1000,0,0,0,0,0,0,0,1000,0
1000,176,4,0,0,0,0,0,820,0
1000,121,132,6,2,1,2,57,675,4
1000,248,69,6,0,0,0,133,500,43
1000,377,273,7,108,1,0,52,148,34
1000,480,19,5,1,9,4,116,357,9
1000,107,77,11,0,1,8,60,646,82
1000,88,81,7,1,3,0,58,689,72
1000,523,100,6,0,0,0,37,320,14
1000,258,48,22,14,11,1,27,561,55
1000,181,23,0,0,0,1,3,786,6
1000,277,369,25,1,0,0,186,13,129
1000,241,10,7,0,0,0,16,725,1
1000,12,15,2,0,0,0,6,965,0
1000,453,169,21,1,4,1,102,244,0
1000,606,119,7,18,0,10,41,194,1
1000,417,114,2,1,1,0,376,88,1
1000,79,4,0,3,0,4,15,892,2
1000,157,13,0,0,0,0,0,830,0
1000,180,231,1,1,1,0,111,462,13
1000,536,3,0,0,0,1,1,457,1
1000,181,85,0,0,0,0,11,723,0
1000,466,287,2,1,0,0,4,237,1
1000,41,105,21,0,4,0,3,799,27
1000,893,49,0,1,0,0,25,28,4
1000,501,151,7,3,0,1,41,178,117
1000,442,112,7,4,2,4,23,385,20
1000,265,170,29,27,5,3,10,114,376
1000,5,76,79,18,10,2,70,736,3
1000,619,6,3,0,1,0,14,354,3
1000,537,92,0,0,0,0,9,359,3
1000,674,64,0,0,0,0,4,256,1
1000,5,270,9,4,0,1,8,662,36
1000,195,164,231,1,9,9,142,79,170
1000,83,6,2,0,0,0,6,902,1
1000,302,28,78,26,2,4,6,530,17
1000,478,75,52,0,2,7,3,344,30
1000,494,15,114,10,3,2,106,29,224
1000,26,56,17,131,0,0,276,338,156
1000,337,33,5,1,0,1,42,557,23
1000,483,28,2,1,0,0,0,468,18
1000,3,0,0,0,0,0,7,988,2
1000,550,6,0,0,0,1,1,442,0
1000,36,11,0,0,2,0,18,933,0
1000,681,127,0,0,0,0,4,186,2
1000,215,125,1,0,0,0,75,506,78
1000,879,11,2,5,1,1,19,64,18
1000,273,376,4,10,2,2,32,212,87
1000,358,31,0,0,0,0,8,592,11
1000,210,92,8,7,8,3,512,141,15
1000,550,4,74,28,5,22,53,258,5
1000,645,14,2,1,0,0,187,135,16
1000,658,21,4,2,0,2,29,283,0
1000,535,133,0,0,0,0,2,330,0
1000,424,0,0,0,0,0,1,575,0
1000,269,14,2,1,1,0,9,703,1
1000,516,16,0,8,1,3,29,412,14
1000,196,306,108,93,48,0,16,78,152
1000,201,4,4,1,0,1,2,778,9
1000,481,56,0,0,0,0,2,461,0
1000,440,85,0,2,0,0,38,427,7
1000,499,296,1,0,2,0,77,114,11
1000,106,44,105,64,4,18,197,27,376
1000,189,526,29,1,1,0,1,235,17
1000,33,87,7,120,2,1,139,604,6
1000,539,199,28,58,4,3,53,99,14
1000,273,42,22,3,1,1,69,573,15
1000,111,24,0,0,0,0,3,862,0
1000,73,7,1,6,3,1,17,890,2
1000,93,172,6,1,0,0,27,597,104
1000,491,133,6,1,1,0,73,291,2
1000,424,15,45,12,11,2,9,380,100
1000,5,60,11,7,0,1,119,752,45
1000,412,97,27,1,10,0,61,379,13
1000,271,157,37,5,23,7,1,490,6
1000,22,0,0,1,0,0,1,976,0
1000,126,234,0,0,0,0,177,262,198
1000,99,208,17,9,7,2,145,504,9
1000,441,143,96,21,12,62,6,34,156
1000,202,73,4,1,0,0,11,669,40
1000,103,159,0,2,0,0,34,646,56
1000,625,28,0,0,0,0,0,347,0
1000,716,47,1,1,2,4,21,204,4
1000,496,412,16,1,1,0,59,15,0
1000,7,60,0,1,0,0,22,908,1
1000,880,9,19,1,0,0,31,56,4
1000,40,118,1,0,0,0,47,794,0
1000,492,292,4,3,0,0,38,111,60
1000,226,453,0,0,0,0,37,278,6
1000,359,239,11,12,62,2,9,56,236
1000,289,622,33,0,1,0,32,20,3
1000,619,263,11,0,4,1,2,92,6
1000,45,41,0,2,0,0,59,850,3
1000,280,3,2,0,0,1,90,594,30
1000,639,6,0,0,0,0,0,355,0
1000,13,20,0,0,0,0,0,966,1
1000,422,32,19,1,3,0,56,425,39
1000,309,33,0,2,0,0,3,651,2
1000,137,46,1,0,1,1,29,784,1
1000,553,16,2,2,2,4,9,403,5
1000,635,21,10,5,0,0,205,98,25
1000,149,466,24,21,12,0,192,113,23
1000,304,261,4,8,26,21,324,39,11
1000,162,304,0,1,0,0,50,479,4
1000,624,162,0,3,0,0,22,135,53
1000,102,39,0,0,0,0,95,745,19
1000,56,227,53,1,8,28,139,450,29
1000,136,317,5,2,4,5,66,451,10
1000,103,36,8,163,15,7,9,609,40
1000,228,46,1,14,0,0,0,705,4
1000,332,33,3,4,1,0,9,605,10
1000,18,69,0,0,0,0,2,911,0
1000,44,194,14,6,5,0,155,444,138
1000,343,358,5,4,1,0,14,231,44
1000,71,4,3,16,2,0,9,892,3
1000,508,155,1,1,1,0,4,323,7
1000,46,109,2,0,0,1,0,842,0
1000,236,98,0,3,0,0,317,330,16
1000,522,30,0,0,0,0,2,407,39
1000,55,16,47,13,10,3,2,814,40
1000,232,4,0,4,0,0,23,734,3
1000,140,92,4,5,1,0,18,699,41
1000,57,95,15,1,0,0,175,648,9
1000,182,143,16,4,10,0,126,380,138
1000,41,17,8,0,0,0,3,928,3
1000,194,106,14,0,0,0,215,466,5
1000,458,18,20,4,1,0,54,353,90
1000,375,302,2,0,0,0,17,251,53
1000,0,431,3,0,0,0,49,514,3
1000,677,81,2,0,0,0,16,216,8
1000,130,313,1,7,1,4,242,297,5
1000,112,544,13,13,4,2,9,277,26
1000,655,42,4,11,6,0,8,265,6
1000,85,165,5,0,0,0,12,714,19
1000,307,200,22,2,12,8,23,364,61
1000,151,157,0,0,0,1,7,682,2
1000,458,118,12,1,2,13,120,190,86
1000,508,49,0,0,0,0,30,411,2
1000,102,13,0,2,0,0,14,865,4
1000,853,25,3,8,0,0,24,80,7
1000,378,11,0,0,0,0,25,583,3
1000,107,3,0,0,0,0,2,886,2
1000,296,78,0,0,0,0,15,609,2
1000,180,148,30,29,33,6,19,523,13
1000,233,170,17,0,0,0,17,559,4
1000,532,21,16,4,8,0,96,312,9
1000,801,100,0,0,0,0,21,63,15
1000,94,31,2,0,0,0,1,861,11
1000,116,472,6,0,0,0,111,264,31
1000,50,548,68,41,16,0,105,63,109
1000,181,3,0,7,0,0,59,743,7
1000,402,345,0,3,0,0,20,152,78
1000,22,131,37,35,0,0,73,693,8
1000,292,65,1,5,0,1,147,488,1
1000,117,25,31,10,0,3,24,777,6
1000,204,9,0,0,0,0,10,774,3
1000,638,3,0,0,0,0,2,355,2
1000,343,14,0,1,0,0,5,626,11
1000,375,0,1,0,2,0,14,562,45
1000,98,3,0,0,0,1,364,529,5
1000,912,33,1,1,0,0,5,40,8
1000,766,2,2,55,7,5,61,84,12
1000,10,18,1,1,3,0,1,955,11
1000,84,63,112,4,3,0,99,557,76
1000,810,12,14,2,1,0,22,127,12
1000,62,57,19,75,30,0,88,655,8
1000,69,0,0,0,0,0,0,931,0
1000,23,45,1,1,0,0,225,695,10
1000,573,211,3,0,0,1,19,186,7
1000,473,3,0,0,0,0,3,519,2
1000,64,217,6,0,1,3,434,219,56
1000,137,46,23,23,15,17,58,660,12
1000,47,25,5,14,2,0,10,881,15
1000,408,408,1,1,0,0,69,110,3
1000,507,112,10,1,1,0,30,332,7
1000,20,92,0,0,0,0,26,861,1
1000,352,4,1,0,1,0,7,631,4
1000,913,36,3,0,0,0,20,23,5
1000,612,48,0,0,0,0,4,333,3
1000,19,9,1,0,0,0,6,964,0
1000,117,585,5,1,0,0,37,189,66
1000,9,62,3,1,0,0,116,762,47
1000,8,11,0,0,0,0,78,902,1
1000,106,105,2,5,3,0,346,404,29
1000,94,52,2,0,0,0,45,806,1
1000,235,66,0,34,16,0,361,223,63
1000,591,51,0,0,0,0,136,222,0
1000,167,189,36,4,3,1,70,440,89
1000,85,288,40,5,0,0,176,289,117
1000,224,312,0,0,0,0,210,244,10
1000,321,48,17,2,0,1,159,356,95
1000,65,269,5,1,3,0,83,570,3
1000,193,88,4,9,14,2,23,600,62
1000,61,67,6,6,2,0,104,698,56
1000,233,7,0,0,0,0,29,731,0
1000,310,36,38,105,13,85,324,27,19
1000,116,51,0,1,1,1,163,659,0
1000,77,666,13,0,3,0,103,107,30
1000,166,141,7,4,0,0,127,490,65
1000,169,43,19,25,19,1,590,14,119
1000,28,336,37,16,0,0,108,401,74
1000,111,143,22,3,17,8,234,450,12
1000,580,2,0,0,0,0,0,418,0
1000,308,152,73,20,25,4,250,91,73
1000,776,72,4,0,0,0,13,123,12
1000,94,11,0,0,0,0,5,889,1
1000,3,140,2,0,0,0,99,696,60
1000,836,0,1,6,3,2,5,147,0
1000,542,286,1,2,0,0,3,94,72
1000,79,57,0,0,0,0,0,863,1
1000,603,200,2,1,0,0,12,182,0
1000,139,258,41,13,6,2,107,302,131
1000,8,1,0,0,0,0,12,973,6
1000,455,20,1,0,1,0,107,412,4
1000,252,132,13,25,27,0,135,409,4
1000,647,22,3,6,0,0,40,281,1
1000,613,196,1,0,0,1,0,185,4
1000,200,12,2,3,6,2,19,740,13
1000,82,206,13,20,13,0,27,628,11
1000,288,30,2,2,0,0,4,672,2
1000,449,41,0,0,0,0,1,507,2
1000,662,165,2,5,4,9,24,116,9
1000,15,3,0,0,0,0,4,977,1
1000,97,485,100,6,7,0,123,112,59
1000,100,214,2,0,0,0,42,625,15
1000,90,187,29,16,110,1,90,426,43
1000,599,66,5,0,0,0,23,303,4
1000,110,470,29,98,1,4,94,157,33
1000,102,145,3,0,2,0,11,730,7
1000,179,9,11,0,0,0,20,780,1
1000,556,76,0,0,0,0,1,367,0
1000,66,273,14,5,14,29,314,165,116
1000,110,160,2,1,0,1,193,504,29
1000,424,113,14,7,1,6,96,336,1
1000,102,1,2,0,0,0,5,882,8
1000,2,6,2,0,0,0,0,989,1
1000,714,96,0,0,0,0,1,189,0
1000,208,173,2,6,4,0,15,578,13
1000,101,410,25,50,0,0,28,243,143
1000,61,5,1,1,0,1,0,925,5
1000,466,18,40,1,1,0,9,447,18
1000,61,276,74,0,3,0,9,572,5
1000,142,374,12,1,0,5,51,329,83
1000,91,61,0,0,0,0,84,725,39
1000,105,189,28,22,108,35,126,26,289
1000,422,164,7,6,2,0,6,382,2
1000,83,144,6,0,0,1,483,275,8
1000,396,182,0,0,0,0,325,97,0
1000,119,32,0,1,0,0,27,816,5
1000,97,123,79,112,24,0,36,490,36
1000,743,44,1,4,0,0,1,200,7
1000,89,166,47,2,0,1,55,640,0
1000,148,149,13,30,10,47,4,553,38
1000,381,134,0,6,0,0,36,247,196
1000,712,7,4,1,0,6,195,65,3
1000,145,49,3,6,1,1,36,754,5
1000,50,11,21,0,0,0,3,910,4
1000,138,35,0,1,0,0,10,814,1
1000,32,96,8,0,0,0,74,666,124
1000,288,34,4,1,4,0,62,522,85
1000,112,599,21,4,0,0,15,162,87
1000,459,12,1,1,1,0,57,414,55
1000,283,661,0,0,0,0,1,54,1
1000,310,0,2,0,0,0,5,681,2
1000,85,182,16,1,3,0,14,564,135
1000,9,1,0,0,0,0,1,989,0
1000,108,35,16,14,3,4,213,169,438
1000,6,1,0,0,0,0,0,992,1
1000,189,93,1,2,1,0,14,697,3
1000,37,46,18,7,1,5,400,322,164
1000,485,55,164,59,7,3,25,182,9
1000,716,16,0,0,0,0,12,253,3
1000,430,86,2,2,0,0,43,412,24
1000,2,17,2,0,0,0,4,972,3
1000,373,123,0,0,0,0,89,413,2
1000,95,4,6,21,25,2,77,764,3
1000,158,489,0,2,3,1,31,300,11
1000,78,11,0,0,0,0,11,827,73
1000,332,215,55,20,0,0,56,316,6
1000,98,489,3,0,0,0,258,140,12
1000,99,0,0,0,0,0,2,899,0
1000,284,372,0,1,0,0,44,286,13
1000,227,116,50,2,10,7,73,472,38
1000,278,268,1,0,2,0,135,189,127
1000,157,124,41,0,0,0,11,651,15
1000,110,1,0,0,0,0,0,889,0
1000,42,173,12,1,0,0,11,760,1
1000,151,14,0,0,0,0,2,831,2
1000,274,550,2,0,1,1,34,134,4
1000,253,200,24,47,0,0,320,156,0
1000,24,27,5,6,1,1,85,747,104
1000,370,327,0,0,0,0,6,260,37
1000,120,596,0,0,0,0,22,249,13
1000,313,316,13,0,0,0,14,340,3
1000,405,1,0,0,0,0,7,586,1
1000,189,296,0,3,0,0,12,491,9
1000,181,66,1,1,0,0,16,717,18
1000,414,302,2,0,0,0,135,137,10
1000,17,33,26,44,6,5,43,811,11
1000,15,0,23,12,4,1,11,932,1
1000,180,16,1,0,0,0,0,795,8
1000,190,27,6,11,12,6,127,614,4
1000,104,6,0,0,0,0,23,866,1
1000,20,44,0,0,0,0,33,903,0
1000,7,33,3,48,9,1,15,868,5
1000,156,4,0,0,0,0,11,828,1
1000,239,367,150,27,5,2,90,109,10
1000,333,60,4,7,7,2,5,511,57
1000,57,16,2,1,0,0,50,872,1
1000,232,369,33,103,1,4,39,161,55
1000,92,227,10,7,42,0,383,205,32
1000,9,121,0,0,0,0,10,792,68
1000,248,248,1,0,0,0,0,503,0
1000,23,0,0,0,0,0,11,966,0
1000,17,27,0,0,0,0,7,949,0
1000,60,2,0,0,0,0,2,936,0
1000,390,317,87,7,3,4,17,86,87
1000,181,14,2,1,1,0,1,798,1
1000,24,5,0,9,0,0,4,953,4
1000,21,47,29,3,5,2,115,746,31
1000,1,4,0,0,0,1,1,993,0
1000,120,17,10,7,0,0,15,828,3
1000,147,468,4,2,1,0,215,78,84
1000,80,74,9,34,5,6,37,722,28
1000,133,246,0,0,0,0,31,589,1
1000,659,11,46,6,0,3,4,263,8
1000,33,244,45,8,8,0,106,430,126
1000,124,761,1,2,0,0,46,61,5
1000,19,3,0,1,0,1,2,973,1
1000,603,213,34,0,3,0,74,20,51
1000,161,36,1,11,1,4,0,755,31
1000,16,121,37,1,5,0,6,638,175
1000,45,141,2,2,0,1,361,112,336
1000,489,92,0,1,8,2,92,165,146
1000,496,181,10,14,0,0,2,294,3
1000,699,26,0,0,0,0,236,39,0
1000,226,78,2,3,2,13,49,578,39
1000,881,46,4,1,0,0,11,55,0
1000,102,75,72,34,15,1,8,501,186
1000,95,20,0,0,0,0,8,875,2
1000,168,185,0,0,0,0,1,646,0
1000,575,234,17,23,31,8,40,42,20
1000,22,283,1,2,3,2,20,633,31
1000,123,47,64,14,2,2,52,625,70
1000,675,17,0,0,0,0,4,304,0
1000,17,51,0,0,0,0,24,908,0
1000,637,239,12,1,0,0,8,97,6
1000,821,66,11,38,12,3,24,21,2
1000,323,30,6,6,1,0,0,626,8
1000,553,0,19,12,26,6,16,362,5
1000,210,312,13,23,1,26,304,96,7
1000,24,64,7,2,3,1,8,884,7
1000,46,13,16,1,0,0,11,898,15
1000,9,127,0,0,1,0,5,854,4
1000,16,127,5,1,0,0,7,830,14
1000,607,201,5,20,0,1,35,109,20
1000,1,175,0,0,0,0,7,804,13
1000,41,66,4,1,0,0,57,760,71
1000,274,85,49,131,24,0,200,209,28
1000,194,26,3,9,7,4,66,664,16
1000,214,276,23,2,0,0,51,422,11
1000,154,3,0,0,0,0,0,843,0
1000,92,304,2,2,1,0,34,553,12
1000,141,5,1,0,2,1,10,838,2
1000,455,32,1,0,2,0,376,132,1
1000,452,164,27,17,0,5,45,192,94
1000,214,418,16,6,0,2,276,44,22
1000,471,268,13,1,4,0,197,44,2
1000,43,262,1,2,1,0,40,632,19
1000,471,98,35,7,48,0,116,30,195
1000,195,146,4,9,0,0,13,628,3
1000,132,195,2,0,0,0,2,669,0
1000,112,23,12,27,0,2,108,631,83
1000,459,413,9,0,8,3,66,11,20
1000,60,11,0,0,0,0,0,929,0
1000,497,31,12,3,0,0,3,454,0
1000,376,75,30,12,9,6,29,398,59
1000,320,2,9,0,1,0,4,661,3
1000,283,386,11,15,0,0,27,260,14
1000,84,107,4,9,0,3,156,609,24
1000,352,138,0,0,0,0,82,427,1
1000,136,163,21,12,5,1,146,481,35
1000,22,450,1,1,0,2,11,502,11
1000,74,9,34,9,0,1,57,811,5
1000,169,75,0,0,0,1,17,735,3
1000,99,20,0,3,0,0,39,835,4
1000,449,313,20,4,1,1,131,19,62
1000,120,0,17,8,1,0,20,819,12
1000,178,82,105,3,0,0,157,455,20
1000,55,0,0,0,5,2,99,829,6
1000,294,177,12,0,1,0,32,472,12
1000,418,84,5,0,1,1,26,445,19
1000,54,28,35,0,7,1,24,827,18
1000,765,61,1,0,1,1,45,111,14
1000,577,193,0,0,0,0,7,207,16
1000,79,30,0,0,0,0,71,820,0
1000,4,4,0,0,0,0,5,986,1
1000,36,16,0,0,0,0,1,947,0
1000,48,42,73,9,12,0,571,167,78
1000,143,283,39,0,0,1,155,341,38
1000,106,52,11,5,0,0,17,765,44
1000,188,37,2,2,0,1,15,740,15
1000,42,122,56,26,13,2,287,322,128
1000,412,180,0,6,2,0,21,372,3
1000,452,66,1,0,0,0,9,472,0
1000,242,320,74,6,1,1,13,321,22
1000,192,480,11,3,0,1,43,258,12
1000,18,52,32,94,0,0,287,461,56
1000,114,17,4,0,0,0,24,808,33
1000,13,452,39,0,0,0,99,321,76
1000,34,143,41,3,4,1,110,642,17
1000,18,117,70,17,4,2,27,595,149
1000,47,451,69,3,3,2,80,262,69
1000,174,335,1,0,0,0,2,486,2
1000,115,662,0,1,0,0,28,193,1
1000,368,33,23,23,34,1,34,474,10
1000,812,37,0,0,0,0,10,132,9
1000,347,3,27,16,18,16,48,508,10
1000,84,23,2,0,0,0,3,881,7
1000,563,107,46,1,1,32,21,157,50
1000,194,572,10,17,5,1,17,148,33
1000,74,8,2,0,1,0,4,911,0
1000,375,68,22,28,25,6,53,290,131
1000,525,39,0,1,0,0,22,405,8
1000,548,301,0,0,0,0,57,89,5
1000,131,4,0,0,0,0,17,848,0
1000,4,4,51,1,1,1,17,906,15
1000,62,0,0,0,3,1,15,919,0
1000,423,333,39,30,9,2,51,22,87
1000,23,515,0,0,2,0,195,183,82
1000,429,15,39,4,1,0,340,84,88
1000,463,402,2,7,0,0,6,112,8
1000,295,256,25,3,2,0,153,167,95
1000,147,99,18,2,4,0,64,658,8
1000,118,289,27,55,6,12,93,303,37
1000,397,54,1,0,0,2,6,536,3
1000,168,221,146,3,16,1,44,152,241
1000,281,8,0,0,0,0,3,708,0
1000,180,225,22,71,100,116,79,167,21
1000,90,0,0,0,0,0,20,889,1
1000,57,81,3,5,2,5,7,822,18
1000,301,39,15,9,0,3,118,487,28
1000,339,151,31,1,1,2,19,450,6
1000,402,70,5,0,0,2,7,512,2
1000,88,30,0,0,0,0,20,859,3
1000,216,75,28,12,10,22,67,535,32
1000,404,258,11,1,0,0,135,153,38
1000,95,304,0,3,0,0,15,553,30
1000,758,24,18,19,4,17,115,23,17
1000,392,118,14,0,0,0,186,289,0
1000,24,239,4,51,20,5,53,570,31
1000,397,304,4,0,0,1,53,223,17
1000,316,171,16,0,6,0,42,414,35
1000,199,325,29,41,13,5,20,349,13
1000,107,19,0,0,0,0,0,873,1
1000,419,3,0,0,0,0,0,578,0
1000,6,81,2,1,1,1,88,815,5
1000,693,155,0,0,0,0,4,147,1
1000,493,266,12,7,0,3,111,105,0
1000,134,4,5,1,0,2,52,776,17
1000,4,51,3,3,0,0,1,937,1
1000,32,83,1,0,2,0,20,861,0
1000,405,209,81,11,0,0,12,208,74
1000,230,0,37,2,0,2,106,507,115
1000,595,11,47,10,4,1,49,240,43
1000,126,7,7,0,1,2,26,818,13
1000,382,13,14,1,0,3,65,473,33
1000,152,1,4,0,0,0,0,843,0
1000,753,4,0,0,0,0,12,227,4
1000,779,3,7,21,4,4,78,97,5
1000,66,20,0,0,0,0,73,826,14
1000,368,32,2,1,4,0,15,571,6
1000,161,45,8,9,0,0,0,733,44
1000,76,16,4,14,0,0,35,806,49
1000,130,37,0,0,0,2,88,710,33
1000,413,14,17,0,0,0,5,547,4
1000,426,79,26,6,1,1,25,432,4
1000,33,263,0,1,0,0,10,661,32
1000,291,121,5,2,2,0,8,545,26
1000,50,132,0,0,0,0,182,622,14
1000,556,286,1,0,0,0,15,139,3
1000,838,10,1,0,0,0,17,117,17
1000,557,36,4,1,1,0,60,337,4
1000,524,146,15,2,183,8,31,1,80
1000,540,206,2,2,0,0,118,119,13
1000,6,6,1,0,0,0,4,975,8
1000,94,507,4,1,0,1,153,225,13
1000,722,10,0,0,2,2,24,232,8
1000,148,8,2,0,0,0,87,707,48
1000,10,753,4,3,1,1,147,74,5
1000,670,37,24,6,2,0,239,19,2
1000,193,367,42,3,0,5,67,135,188
1000,369,12,0,0,2,1,58,557,1
1000,100,344,10,12,5,0,260,263,6
1000,40,195,5,11,3,0,176,481,89
1000,399,25,0,2,0,0,90,441,43
1000,31,241,0,0,0,0,4,724,0
1000,740,5,0,0,2,0,1,252,0
1000,294,23,2,2,2,0,5,665,5
1000,327,0,7,4,0,0,84,570,8
1000,80,159,21,28,36,4,202,453,10
1000,580,21,1,2,3,3,10,378,1
1000,76,13,1,4,0,0,1,903,2
1000,71,87,9,2,0,1,9,809,11
1000,79,505,20,18,19,25,86,188,20
1000,504,169,1,1,0,0,1,319,5
1000,38,5,4,7,0,0,12,934,0
1000,321,63,0,0,0,0,101,503,12
1000,570,17,0,0,0,0,59,333,21
1000,212,513,0,3,1,1,218,48,4
1000,663,183,1,0,0,0,32,62,59
1000,396,388,7,2,4,1,33,154,9
1000,146,603,33,21,1,6,35,99,54
1000,22,42,0,0,0,0,0,936,0
1000,333,285,17,8,1,2,53,300,1
1000,452,240,14,16,0,0,18,209,51
1000,130,3,0,1,0,2,6,858,0
1000,578,53,19,0,0,0,48,258,44
1000,4,29,0,1,3,0,20,919,22
1000,122,59,7,0,0,0,24,786,2
1000,460,441,0,1,0,0,38,47,13
1000,0,57,0,1,0,0,14,926,2
1000,141,91,2,0,1,1,6,755,3
1000,340,8,1,2,3,0,42,602,1
1000,534,251,10,0,0,0,141,41,23
1000,259,37,0,0,0,0,2,702,0
1000,44,2,0,0,0,0,2,952,0
1000,337,360,6,5,1,0,35,256,0
1000,473,216,11,4,1,0,75,211,9
1000,41,24,0,1,0,0,2,907,25
1000,401,227,2,0,1,0,131,219,19
1000,783,114,0,0,0,0,29,59,15
1000,204,49,0,0,0,0,2,745,0
1000,407,5,5,0,2,4,295,278,3
1000,424,28,14,0,0,0,30,431,73
1000,46,0,0,0,0,0,2,952,0
1000,449,139,0,3,0,0,193,215,1
1000,60,225,49,10,7,0,63,501,77
1000,1,259,4,1,0,0,0,734,1
1000,169,60,0,0,1,0,0,770,0
1000,309,25,101,0,3,2,146,353,59
1000,316,37,30,3,39,4,24,357,187
1000,161,9,2,1,0,0,2,824,0
1000,61,454,7,2,1,0,81,387,7
1000,320,45,62,0,4,0,291,258,20
1000,228,27,143,44,23,32,144,259,72
1000,91,3,168,0,44,36,461,82,59
1000,580,16,23,18,7,0,51,300,4
1000,2,0,0,0,0,0,0,998,0
1000,95,46,6,1,0,0,1,843,8
1000,211,204,2,20,0,2,31,501,25
1000,0,30,0,0,0,0,27,943,0
1000,33,190,4,1,0,0,38,642,91
1000,476,180,46,0,0,0,42,180,76
1000,697,150,31,5,2,0,11,28,74
1000,57,495,21,22,32,23,57,47,244
1000,452,135,2,20,54,6,99,69,128
1000,476,52,0,0,2,0,38,397,35
1000,92,21,12,1,0,0,7,861,6
1000,521,0,5,1,0,0,2,468,2
1000,51,418,3,0,3,4,142,350,28
1000,23,1,0,1,0,0,0,975,0
1000,163,31,0,0,0,0,14,790,2
1000,137,163,3,1,0,0,8,675,13
1000,282,23,0,0,0,0,18,671,6
1000,99,219,3,99,47,20,177,155,180
1000,467,54,33,9,17,2,13,387,16
1000,185,58,1,2,0,0,7,747,0
1000,412,17,10,12,1,1,11,442,86
1000,31,0,3,1,1,1,2,960,1
1000,123,620,9,3,1,0,137,102,5
1000,353,206,2,0,0,0,12,426,1
1000,178,99,6,30,2,3,51,620,9
1000,29,0,0,0,0,0,0,971,0
1000,349,167,17,7,2,0,227,174,57
1000,184,309,19,6,0,1,292,89,94
1000,664,125,5,0,0,0,7,196,3
1000,374,30,1,0,1,1,47,528,17
1000,10,570,9,4,17,0,103,89,192
1000,747,33,13,1,1,0,13,191,1
1000,247,93,38,8,7,6,295,207,93
1000,31,22,8,0,1,0,4,934,0
1000,225,82,309,1,7,0,234,115,26
1000,677,173,7,0,2,0,64,41,36
1000,394,166,0,0,0,0,16,393,31
1000,698,14,26,1,3,0,26,56,172
1000,610,282,0,0,1,0,4,100,3
1000,4,11,30,0,1,0,5,931,18
1000,690,4,9,24,13,7,21,196,36
1000,654,204,0,0,0,0,7,135,0
1000,63,251,13,17,4,3,151,497,1
1000,462,304,4,47,15,1,27,123,17
1000,227,495,20,3,2,0,19,226,8
1000,592,95,27,15,11,15,19,101,117
1000,1,22,4,4,0,2,6,941,20
1000,11,15,20,19,3,0,59,834,39
1000,572,195,4,5,0,6,5,200,12
1000,2,1,0,1,0,0,0,996,0
1000,95,270,0,1,1,0,34,572,27
1000,44,511,0,0,0,1,2,441,1
1000,6,82,0,1,0,0,2,871,38
1000,652,36,8,0,0,0,2,293,9
1000,320,10,0,1,0,0,0,669,0
1000,95,194,6,0,0,0,4,691,10
1000,133,2,0,0,0,0,12,852,1
1000,447,137,14,9,4,2,24,99,264
1000,26,8,1,1,0,0,6,958,0
1000,292,102,5,9,13,1,211,306,61
1000,70,6,2,0,0,0,15,905,2
1000,157,281,3,0,0,0,207,352,0
1000,398,153,5,0,0,0,92,344,8
1000,805,114,0,2,0,0,11,61,7
1000,216,317,6,37,1,1,28,307,83
1000,120,135,6,18,1,0,34,683,3
1000,185,492,0,0,5,2,28,238,50
1000,186,266,14,1,6,0,15,498,4
1000,625,39,5,1,4,1,33,289,3
1000,107,46,1,1,9,0,95,732,9
1000,128,98,0,1,1,0,0,772,0
1000,590,126,0,1,0,0,31,187,65
1000,290,221,2,0,0,0,132,270,85
1000,365,7,1,2,1,0,3,607,14
1000,496,95,6,2,0,0,8,393,0
1000,426,134,0,2,0,1,60,364,13
1000,357,8,1,1,1,1,16,598,17
1000,76,71,3,17,0,0,205,566,61
1000,526,127,0,0,1,0,31,297,18
1000,705,106,9,4,0,0,48,124,4
1000,235,73,109,124,29,0,146,261,18
1000,84,240,42,0,10,0,36,586,2
1000,105,544,6,0,2,1,15,314,13
1000,91,1,0,0,0,0,0,908,0
1000,447,120,1,0,0,0,21,409,2
1000,410,524,0,0,0,0,14,49,3
1000,7,68,0,0,0,0,7,917,1
1000,140,0,31,3,1,0,18,789,18
1000,359,29,2,0,0,0,12,598,0
1000,531,42,6,7,5,2,40,363,0
1000,863,8,9,3,0,2,13,102,0
1000,287,207,16,0,4,3,393,47,43
1000,214,5,25,0,0,0,4,752,0
1000,408,283,0,0,0,1,42,266,0
1000,111,80,0,3,0,0,27,778,1
1000,3,22,6,0,1,0,1,962,4
1000,72,143,14,1,4,2,185,557,17
1000,245,436,1,1,1,0,31,284,1
1000,51,646,5,0,0,1,10,251,35
1000,14,249,31,41,1,0,1,477,186
1000,104,233,19,3,5,2,175,434,14
1000,374,309,17,3,10,0,251,20,14
1000,159,52,0,0,0,0,6,779,4
1000,243,152,35,19,0,0,148,239,164
1000,398,109,3,1,0,2,167,277,42
1000,374,130,39,10,6,0,236,190,10
1000,157,42,2,2,0,0,28,745,24
1000,739,151,0,0,0,0,0,109,1
1000,139,120,33,8,1,0,184,419,96
1000,11,21,10,2,2,2,20,928,1
1000,85,84,0,0,0,0,9,821,1
1000,9,1,0,0,0,0,2,988,0
1000,207,79,58,6,12,2,76,545,13
1000,307,1,0,2,0,0,1,664,25
1000,110,597,0,0,0,0,4,289,0
1000,178,59,5,1,0,1,479,229,48
1000,162,38,0,0,0,0,12,788,0
1000,23,422,17,6,0,0,105,424,2
1000,5,1,0,2,0,0,1,984,7
1000,722,6,1,0,1,0,5,265,0
1000,284,60,2,1,0,2,30,619,0
1000,386,4,5,0,1,0,21,574,9
1000,187,24,42,9,10,1,9,676,42
1000,122,9,0,0,0,0,8,860,1
1000,363,61,80,8,22,2,46,135,283
1000,120,568,2,8,2,0,155,66,79
1000,8,1,1,1,0,0,0,985,4
1000,25,616,46,9,0,0,171,120,13
1000,148,125,4,4,16,2,12,677,12
1000,347,180,108,15,36,0,144,125,43
1000,177,109,0,0,0,0,118,595,0
1000,360,3,5,0,0,0,7,607,17
1000,57,268,0,0,0,0,22,610,43
1000,435,143,44,29,16,3,30,277,20
1000,851,40,3,0,0,1,22,82,0
1000,114,75,1,0,0,0,11,798,1
1000,527,86,0,0,1,0,3,381,2
1000,27,564,10,5,2,2,160,199,31
1000,107,254,6,7,1,0,65,524,36
1000,67,55,2,6,4,3,128,721,12
1000,155,15,72,6,15,0,4,691,42
1000,278,67,3,1,0,0,25,614,12
1000,103,6,12,4,0,0,29,817,29
1000,805,24,0,0,0,0,86,80,5
1000,35,397,21,3,8,2,9,338,187
1000,85,47,29,3,0,0,6,783,47
1000,49,53,5,3,4,3,18,850,15
1000,22,615,40,135,9,3,163,6,7
1000,152,101,2,3,3,0,33,636,66
1000,113,175,4,3,0,1,3,700,0
1000,33,3,0,1,0,0,37,921,5
1000,9,639,4,5,2,1,43,243,54
1000,124,17,0,0,1,0,2,853,3
1000,5,3,2,1,0,3,2,977,6
1000,101,21,0,0,0,0,8,856,14
1000,293,290,43,0,3,1,263,83,22
1000,700,66,14,6,6,0,51,149,7
1000,373,102,1,6,0,0,77,429,12
1000,83,58,0,0,0,0,1,857,1
1000,668,2,0,4,0,0,10,313,3
1000,621,18,0,4,1,1,90,200,59
1000,32,156,70,169,13,0,355,69,135
1000,500,91,8,4,4,17,33,251,89
1000,414,297,0,0,0,0,26,261,2
1000,124,21,2,0,0,0,68,758,27
1000,9,209,0,0,2,0,9,769,2
1000,128,242,7,10,2,0,185,423,3
1000,192,315,5,12,6,0,89,366,15
1000,623,30,5,0,0,0,45,293,4
1000,406,61,213,26,6,5,76,137,69
1000,61,549,1,3,2,0,185,195,4
1000,216,4,132,7,0,3,97,520,21
1000,72,292,93,20,5,5,10,414,88
1000,108,9,0,0,0,0,1,882,0
1000,85,97,1,15,2,0,24,769,7
1000,69,6,0,0,0,0,3,922,0
1000,8,709,71,6,3,11,157,2,31
1000,196,76,9,10,3,2,69,590,44
1000,82,479,7,12,3,1,4,383,29
1000,510,70,7,0,1,0,38,360,14
1000,786,14,24,1,0,5,70,6,94
1000,281,2,3,3,1,1,14,695,0
1000,183,154,36,48,267,3,247,51,7
1000,236,55,0,0,0,0,3,706,0
1000,16,2,94,3,1,0,39,842,2
1000,564,53,6,11,2,1,29,316,12
1000,343,47,4,4,1,3,59,530,6
1000,635,162,10,3,1,0,13,170,5
1000,110,97,8,1,3,0,25,754,2
1000,449,21,11,0,0,0,135,380,4
1000,641,229,2,0,0,0,37,89,2
1000,266,19,10,0,0,1,123,470,110
1000,405,42,0,0,5,0,5,520,22
1000,223,67,5,4,0,2,0,690,7
1000,6,13,4,3,3,0,43,867,59
1000,351,26,0,0,1,0,308,307,7
1000,264,229,13,9,2,1,24,450,7
1000,45,73,1,0,0,0,1,880,0
1000,282,28,31,3,6,6,1,523,117
1000,142,255,0,3,4,1,77,465,52
1000,674,85,30,5,13,0,37,33,123
1000,138,52,0,0,0,0,42,764,4
1000,808,13,1,0,0,0,35,140,3
1000,3,29,16,0,0,0,38,911,3
1000,55,374,8,2,3,8,53,445,43
1000,7,5,2,0,0,0,8,940,36
1000,71,294,0,5,0,0,1,628,1
1000,76,27,0,1,0,0,1,894,1
1000,215,175,5,9,0,0,62,499,31
1000,254,196,34,0,5,0,70,290,148
1000,748,122,2,1,0,0,4,122,1
1000,88,195,4,19,5,1,45,564,79
1000,15,4,0,0,0,0,0,980,0
1000,372,79,14,0,1,0,22,508,3
1000,41,5,0,0,1,0,1,947,5
1000,0,3,0,0,0,0,3,994,0
1000,139,275,7,3,4,0,4,536,32
1000,68,102,0,0,0,0,41,785,4
1000,191,1,1,0,0,0,18,789,0
1000,8,61,0,0,1,1,9,907,13
1000,123,391,0,0,0,0,5,479,2
1000,45,15,21,6,7,0,22,863,16
1000,572,4,0,0,0,0,0,424,0
1000,263,8,0,0,0,0,3,718,8
1000,111,127,30,10,3,4,188,358,168
1000,509,138,3,124,16,0,90,1,119
1000,43,139,16,0,5,0,7,773,17
1000,287,10,11,4,0,0,10,678,0
1000,155,11,0,0,0,0,1,833,0
1000,108,572,3,1,0,1,79,230,6
1000,324,123,8,3,4,2,61,406,68
1000,394,306,19,6,1,8,178,80,5
1000,627,115,4,4,0,0,4,214,32
1000,356,66,21,1,1,0,77,456,22
1000,81,101,0,0,1,0,322,459,36
1000,228,104,31,2,1,0,154,430,49
1000,98,41,0,0,0,0,8,852,1
1000,322,19,13,8,0,0,152,429,57
1000,128,537,7,12,4,3,149,88,72
1000,96,11,7,0,0,0,0,881,5
1000,47,84,70,23,0,40,75,594,46
1000,32,251,64,55,12,2,198,262,104
1000,502,252,19,14,0,2,55,94,60
1000,316,382,41,24,30,13,3,103,70
1000,87,511,2,2,0,0,10,370,18
1000,44,0,0,0,0,0,4,951,1
1000,211,519,0,1,1,0,150,100,18
1000,26,102,0,0,0,0,15,856,1
1000,85,59,57,2,0,0,49,733,15
1000,593,26,4,1,1,0,93,274,8
1000,54,13,35,228,19,11,93,396,134
1000,156,62,9,7,3,0,25,728,10
1000,331,76,34,3,7,1,177,308,55
1000,14,314,1,1,1,4,123,533,4
1000,403,197,127,11,2,0,59,133,68
1000,43,3,2,2,0,0,3,938,9
1000,153,27,21,40,13,0,1,665,64
1000,451,102,9,5,0,3,133,263,31
1000,176,21,12,0,0,1,19,770,1
1000,736,46,8,1,2,2,16,178,9
1000,68,0,2,0,0,0,4,926,0
1000,754,55,23,4,5,4,108,41,3
1000,16,1,13,1,0,0,75,867,27
1000,3,0,0,0,0,0,0,997,0
1000,394,9,31,2,11,2,4,481,55
1000,295,418,2,41,16,3,79,120,7
1000,427,256,6,1,20,24,22,183,56
1000,102,753,5,0,1,0,12,126,1
1000,376,102,13,3,0,0,172,219,114
1000,764,22,0,3,1,0,6,203,1
